B cell,T CD4,T CD8,Myeloid,NK,Other
0.3420593,0.050693423,0.14375408,0.24932861,0.09463515,0.11952947
0.22512922,0.08588724,0.080368854,0.37743273,0.07923973,0.1519422
0.18477887,0.07221884,0.09356035,0.366194,0.09085888,0.19238901
0.0112436665,0.12511244,0.19002886,0.38850608,0.052737154,0.23237184
0.0132675,0.088974044,0.19820681,0.42907408,0.059960842,0.21051672
0.031950958,0.08060398,0.18533495,0.32989264,0.013374282,0.35884315
0.10230442,0.1283809,0.12351568,0.30930433,0.0,0.33649468
0.41022745,0.2040344,0.09994067,0.17126842,0.004764743,0.10976432
0.18920143,0.1148894,0.26573938,0.043497574,0.0,0.38667217
0.0077466816,0.08858042,0.20908312,0.41320783,0.0,0.28138196
0.0123840775,0.028681215,0.22140399,0.4126418,0.036338296,0.28855065
0.23176104,0.29174668,0.329069,0.1054257,0.0,0.04199752
0.048579328,0.067139134,0.22065184,0.5000374,0.004053905,0.15953845
0.0054723443,0.065783605,0.12577412,0.54092234,0.06935535,0.19269228
0.002775074,0.07170729,0.13176532,0.52149886,0.04556109,0.22669241
0.15657935,0.033519235,0.15641305,0.40063354,0.013211059,0.23964377
0.32955027,3.8325285e-05,0.0,0.1971668,0.050135255,0.42310935
0.013886683,0.040524203,0.14122002,0.47448823,0.096146226,0.23373461
0.05199173,0.09354205,0.15559494,0.3599089,0.030579131,0.30838326
0.29907292,0.0,0.0,0.28208587,0.14488935,0.27395186
0.22435543,0.068410285,0.13802668,0.2109775,0.004607565,0.35362253
0.43886054,0.0137220025,0.13527156,0.2879448,0.0,0.124201134
0.0,0.07425683,0.15986492,0.4543836,0.06700003,0.2444946
0.28526014,0.062262855,0.21649608,0.38255078,0.0,0.05343017
0.29837427,0.20945032,0.046895612,0.28232113,0.0,0.16295858
0.14081745,0.068307385,0.19195743,0.24786773,0.13093998,0.22011003
0.32292902,0.0,0.0,0.2658377,0.087137125,0.3240961
0.33193842,0.13127992,0.1414479,0.22007704,0.04447927,0.13077743
0.007510843,0.007876075,0.18775854,0.43819752,0.050403886,0.30825317
0.13814293,0.11865053,0.16040024,0.32810527,0.084813476,0.16988754
0.25824818,0.20651162,0.16060178,0.25952122,0.0,0.11511719
0.10080532,0.027954316,0.00046675926,0.45922342,0.0,0.4115502
0.28953978,0.11464417,0.21562901,0.16328873,0.0,0.21689832
0.20595174,0.1221738,0.08933809,0.348174,0.0,0.23436233
0.17569423,0.039771,0.0066403984,0.44588977,0.02857948,0.30342513
0.15166536,0.1739554,0.18550672,0.32616785,0.0,0.16270466
0.0026573031,0.12610316,0.19098751,0.4314666,0.01134215,0.23744322
0.2110594,0.065480836,0.0077569773,0.3661464,0.022065932,0.32749048
0.28777292,0.24806881,0.14160004,0.19715102,0.0,0.12540719
0.0017088454,0.18486682,0.17354718,0.43096414,0.0,0.20891301
0.2657396,0.0076496415,0.064266264,0.043998867,0.0,0.61834556
0.10381443,0.0,0.10525604,0.37530354,0.0772181,0.3384079
0.046665452,0.16443649,0.23886569,0.3296677,0.0,0.22036469
0.24434091,0.1565794,0.06335966,0.29991013,0.0,0.23580985
0.14385389,0.0039092703,0.034050755,0.44707432,0.10495484,0.26615697
0.27751416,0.22192295,0.19776407,0.15829092,0.0,0.1445079
0.003279056,0.048394646,0.15673451,0.48823303,0.05767727,0.24568148
0.4318139,0.0999005,0.030569637,0.19517316,0.0025937404,0.2399491
0.23220281,0.18158256,0.33100867,0.057709187,0.0,0.19749676
0.2659244,0.009298525,0.025305009,0.40685788,0.05210924,0.24050497
0.12014778,0.07304802,0.031854846,0.39612225,0.14501357,0.23381355
0.24117032,0.027409261,0.03791734,0.29583967,0.09239768,0.30526572
0.011455025,0.05414772,0.14738537,0.50144285,0.061710477,0.22385852
0.00075760763,0.07593968,0.06712786,0.5207038,0.12833723,0.20713383
0.010024464,0.011263189,0.18085787,0.47428852,0.025839549,0.29772642
0.05485895,0.11438465,0.148316,0.3496614,0.0,0.332779
0.23834541,0.14750178,0.014745903,0.37982157,0.00276509,0.21682024
0.17825314,0.011485137,0.099569246,0.44399184,0.0,0.26670063
0.17411464,0.027903538,0.105142966,0.36243892,0.0,0.33039993
0.32177934,0.12855724,0.16102672,0.15996616,0.006648046,0.22202256
0.039621305,0.066766426,0.19178897,0.3904944,0.0,0.31132895
0.07023111,0.014705261,0.09092333,0.49646923,0.010572392,0.31709865
0.019621667,0.10811134,0.2512585,0.31810632,0.004313252,0.29858893
0.22009769,0.26576442,0.22954345,0.21420717,0.0,0.07038727
0.108616084,0.028957885,0.021856781,0.4417938,0.17590985,0.2228656
0.27540866,0.1842549,0.007589847,0.33054388,0.0,0.20220274
0.11812638,0.08326338,0.19664165,0.2940971,0.120623216,0.18724824
0.16344507,0.18735012,0.19787541,0.2910871,0.0,0.16024232
0.19667691,0.06099994,0.1076745,0.395884,0.0045632645,0.23420139
0.17915133,0.06715249,0.12680559,0.39040574,0.0,0.23648487
0.13155112,0.09361148,0.13666031,0.24775122,0.05164188,0.33878395
0.17108119,0.12423883,0.12614593,0.46071056,0.052200943,0.06562261
0.20896119,0.07966284,0.106103584,0.30462572,0.06000062,0.24064605
0.3417899,0.1755968,0.2007266,0.19973303,0.07703902,0.005114647
0.29123887,0.1163187,0.27722976,0.22896339,0.013377661,0.07287166
0.027460225,0.16308163,0.2121102,0.38042468,0.0,0.21692324
0.06465205,0.0613397,0.21320942,0.4060801,0.040126793,0.21459198
0.0,0.04713007,0.16237247,0.5099031,0.008669263,0.27192506
0.0,0.047525592,0.17184396,0.4972404,0.0,0.28339005
0.12256384,0.12623213,0.14338353,0.467262,0.0,0.14055845
0.0,0.07819833,0.16867624,0.4683943,0.014964394,0.2697667
0.27864736,0.2219769,0.20326166,0.18656039,0.00093308557,0.10862056
0.16492286,0.0,0.045406155,0.2735713,0.034012314,0.48208737
0.22461429,0.036984198,0.04894526,0.30602795,0.16594954,0.21747875
0.12274176,0.16781719,0.15186264,0.39340752,0.0,0.16417085
0.18067634,0.0021158475,0.016576607,0.3369976,0.036210682,0.4274229
0.078873046,0.15512139,0.12404952,0.37108195,0.12560147,0.1452726
0.14276318,0.07074768,0.14747894,0.25961086,0.0,0.3793994
0.0018079333,0.07199015,0.22616716,0.3666965,0.0,0.33333826
0.3488184,0.073313296,0.13806282,0.24681653,0.0011025055,0.19188645
0.21653438,0.10764434,0.16923538,0.35381925,0.013842391,0.13892421
0.11109831,0.0,0.107815444,0.08899469,0.16910067,0.5229909
0.1471406,0.03360368,0.21221396,0.25836462,0.004673755,0.34400338
0.24580035,0.0,0.11980496,0.23482844,0.0,0.39956623
0.03778521,0.021966789,0.14170249,0.43202928,0.06747146,0.29904476
0.2234208,0.0,0.12538524,0.33192477,0.004587454,0.31468177
0.10648961,0.010679936,0.005095069,0.5669824,0.07797883,0.2327742
0.33438882,0.0,0.025286969,0.13046937,0.10843402,0.40142083
0.17603905,0.0010419879,0.0,0.08961947,0.0,0.7332995
0.29358333,0.07734183,0.17546645,0.2832058,0.0,0.17040259
0.055411167,0.076732844,0.20395961,0.37313014,0.0,0.29076627
0.18653737,0.11020237,0.14394906,0.32442018,0.1269089,0.1079821
0.06463875,0.13609251,0.18313657,0.4312933,0.0,0.18483886
0.28176305,0.14255387,0.0914618,0.14992245,0.0,0.33429885
0.23345044,0.06936072,0.14567319,0.27531597,0.0609361,0.21526358
0.23648842,0.045674108,0.010309869,0.35065165,0.0,0.35687602
0.0,0.012072728,0.1053324,0.4348852,0.024158183,0.4235515
0.30400914,0.18908226,0.10359557,0.21809378,0.08829136,0.09692782
0.3153971,0.17583679,0.22234607,0.21305454,0.0032477514,0.07011774
0.31823164,0.079460524,0.048283316,0.29431272,0.001921569,0.25779033
0.4015282,0.24127683,0.14654237,0.17366165,0.034785796,0.0022051304
0.5190393,0.15095022,0.24677153,0.050055593,0.0,0.033183407
0.08486645,0.018380446,0.0,0.64101225,0.11869837,0.13704245
0.23128481,0.13104741,0.11664681,0.24244612,0.1531649,0.12540995
0.23411559,0.0916493,0.17809984,0.24024107,0.0,0.25589418
0.32426682,0.10148297,0.0133037865,0.23639351,0.091890216,0.23266271
0.1129051,0.14069965,0.024819694,0.37558553,0.15712027,0.18886974
0.022779133,0.16456929,0.2727217,0.31985402,0.024763005,0.19531283
0.0,0.014428851,0.1095538,0.5899479,0.094605714,0.19146381
0.09213951,0.074119195,0.3006901,0.2993245,0.0,0.23372662
0.23410577,0.15511593,0.05683849,0.35603747,0.09575901,0.10214339
0.030135566,0.13492434,0.13063356,0.5231713,0.011542332,0.16959283
0.12960711,0.24827161,0.20143834,0.29658005,0.0,0.12410293
0.26144832,0.094155386,0.14768688,0.2827994,0.0,0.21390998
0.1136569,0.0009362533,0.03432352,0.40905362,0.07890088,0.36312884
0.3558191,0.13539556,0.13007323,0.27325302,0.0059349877,0.099524125
0.03320657,0.12125667,0.19297518,0.39950192,0.0,0.2530596
0.0071634306,0.09113709,0.16525197,0.45459262,0.07092257,0.2109323
0.27019382,0.14101715,0.11374364,0.29229966,0.01279074,0.16995499
0.07541896,0.03057592,0.09477262,0.44709876,0.16075334,0.19138038
0.0017280402,0.02978627,0.16245699,0.50669944,0.04425828,0.25507098
0.0,0.0,0.065095626,0.5715647,0.12396133,0.23937836
0.15180965,0.061507486,0.11783193,0.33422872,0.048944287,0.28567797
0.0044256207,0.0,0.07574204,0.48990867,0.14649045,0.28343326
0.0,0.0,0.23649237,0.4412952,0.013215033,0.3089974
0.16715461,0.0,0.11068656,0.1656665,0.026789105,0.5297032
0.0,0.0,0.05550311,0.633131,0.11504076,0.19632505
0.027368752,0.0071721277,0.09583593,0.5833586,0.11729393,0.16897069
0.10717473,0.044873714,0.13031974,0.47758424,0.064304575,0.17574307
0.11508037,0.032474305,0.14841823,0.4811248,0.04519828,0.17770402
0.26955777,0.123632416,0.21282372,0.24945083,0.005254595,0.13928066
0.0,0.0,0.0,0.50942826,0.06795216,0.42261958
0.24140415,0.0046927766,0.0,0.40875617,0.082204185,0.26294273
7.945142e-05,0.0048603984,0.18090989,0.49998438,0.08187117,0.23229471
0.13011704,0.090642735,0.09189991,0.3503189,0.002351677,0.3346697
0.09640557,0.012674811,0.13876382,0.41458675,0.1548254,0.18274361
0.0,0.030632198,0.16981643,0.47790658,0.05254758,0.2690972
0.0,0.0037726462,0.09062978,0.53543174,0.14775623,0.22240962
2.7745355e-05,0.0106088575,0.101524904,0.60776585,0.10355328,0.1765194
0.038522325,0.07734166,0.09319695,0.5518219,0.07914616,0.15997106
0.0,0.08430095,0.15005201,0.4862791,0.053234838,0.22613312
0.0053077433,0.0,0.13508861,0.54862297,0.10067733,0.21030338
0.01024837,0.13156547,0.218748,0.39304748,0.0,0.24639075
0.14490105,0.15820035,0.21611007,0.31400415,0.0,0.16678435
0.0,0.0027481471,0.054070152,0.63730955,0.0,0.30587226
0.11400648,0.0011146128,0.059218813,0.41294014,0.024659878,0.38806006
0.27328023,0.09661777,0.10245854,0.26759225,0.0,0.26005122
0.24009195,0.0,0.21172819,0.13860248,0.08827281,0.32130456
0.43554735,0.16060963,0.06828593,0.15158165,0.071344815,0.11263068
0.08800609,0.2230442,0.19005598,0.33693406,0.0,0.16195968
0.27571827,0.18144402,0.16234668,0.23730952,0.0035370097,0.13964456
0.20927067,0.082572274,0.111880876,0.21739765,0.044409435,0.33446908
0.12997374,0.08900045,0.3075821,0.2771133,0.0,0.19633041
0.19951159,0.089012906,0.1694225,0.29409173,0.0,0.24796127
0.21416485,0.055651933,0.20218118,0.256565,0.13178834,0.13964877
0.015842048,0.12679893,0.13365607,0.30134434,0.120322205,0.30203643
0.19901283,0.14324425,0.12747447,0.33227706,0.0,0.19799142
0.007065413,0.06828614,0.17753129,0.48932683,0.0,0.25779024
0.2416963,0.15993236,0.14546558,0.24187145,0.035802934,0.17523134
0.19129606,0.24434964,0.20815122,0.2613852,0.0,0.09481783
0.31540465,0.09196017,0.22166891,0.18607146,0.10162966,0.08326515
0.0,0.12660006,0.24889866,0.36294898,0.011297842,0.25025445
0.014451091,0.053955577,0.2951314,0.2893511,0.0,0.34711087
0.024710864,0.048086654,0.13642052,0.51250917,0.08884138,0.18943135
0.35266578,0.20595713,0.1603088,0.17747794,0.0,0.10359033
0.029957356,0.10022259,0.19478123,0.41760322,0.03944064,0.21799496
0.23476405,0.10307284,0.06946327,0.34965184,0.044394087,0.19865397
0.3164075,0.27229142,0.2061534,0.15243623,0.0,0.052711446
0.3738832,0.029628182,0.14580348,0.19664504,0.051661216,0.2023789
0.012351755,0.0017401401,0.15058358,0.51551265,0.072915874,0.24689604
0.59900975,0.040925793,0.09247397,0.08953173,0.020559173,0.15749963
0.056906343,0.058010615,0.12830035,0.44440567,0.051973082,0.26040393
0.36539692,0.093137726,0.16632894,0.31590715,0.0,0.059229292
0.31559968,0.14054625,0.14758971,0.24461381,0.0,0.15165052
0.17165983,0.14811294,0.14898202,0.3732883,0.000824573,0.15713236
0.2800104,0.24499631,0.11327152,0.23456764,0.06438241,0.06277171
0.46681577,0.001619406,0.0,0.22047055,0.122451425,0.18864286
0.07416222,0.0034597055,0.031845264,0.5346854,0.095858976,0.25998843
0.009716095,0.073244,0.14268279,0.4954321,0.045298003,0.23362692
0.2903814,0.033355337,0.065856785,0.27614197,0.109647214,0.22461724
0.12669739,0.11323525,0.18232775,0.31353247,0.080923244,0.1832839
0.17430033,0.0,0.0,0.31908917,0.059330117,0.44728038
0.067869805,0.03481578,0.22139227,0.3610033,0.03301934,0.28189945
0.0123891765,0.032003768,0.15924168,0.4423297,0.06541245,0.28862324
0.0,0.0425936,0.13284847,0.5498609,0.056122363,0.21857464
0.0041933884,0.08070658,0.22025356,0.41302076,0.0,0.2818257
0.04817243,0.069470145,0.16084236,0.4490401,0.04652978,0.22594519
0.0,0.0,0.0071784235,0.5394941,0.087224364,0.36610314
0.23303366,0.0,0.0,0.43903762,0.052942812,0.2749859
0.16833706,0.0,0.035271745,0.36862618,0.0,0.42776507
0.36895934,0.1987885,0.16701958,0.19011973,0.0,0.07511287
0.11295162,0.15329067,0.15244944,0.32870886,0.023069605,0.22952977
0.21976948,0.16074125,0.07199593,0.31633028,0.0,0.23116307
0.18102992,0.0,0.092011705,0.38300675,0.13679285,0.20715874
0.20373543,0.19604868,0.16594394,0.32175633,0.0,0.112515606
0.27742004,0.06754476,0.007918858,0.267251,0.0,0.37986532
0.19509225,0.0,0.15131581,0.3103859,0.13668159,0.20652446
0.21308485,0.28331536,0.21867652,0.25191158,0.0,0.033011675
0.12989575,0.19542742,0.22700062,0.3163303,0.0,0.13134591
0.042084478,0.023330178,0.13489023,0.38908717,0.15043196,0.260176
0.019894611,0.0093432935,0.17653397,0.46841764,0.07674195,0.24906857
0.099154234,0.088272825,0.18267049,0.3685401,0.065304294,0.19605803
0.33988094,0.10872419,0.08426829,0.23431668,0.0022953334,0.2305145
0.08330879,0.070661426,0.15968408,0.39214587,0.14973825,0.14446157
0.12034384,0.042289224,0.08178571,0.46868467,0.021681845,0.26521474
0.20803481,0.12854643,0.15604682,0.33287135,0.0,0.17450061
0.050890066,0.10510981,0.20204282,0.40093008,0.0017674208,0.23925982
0.26272756,0.118318476,0.0022419735,0.3490879,0.0,0.2676241
0.07309161,0.1273942,0.16856292,0.44834217,0.005024355,0.17758474
0.2398148,0.07254511,0.106569745,0.29919,0.026124517,0.25575575
0.038778342,0.0,0.1750765,0.43302676,0.14039204,0.21272628
0.22803657,0.12934607,0.14210036,0.2993385,0.012861362,0.18831724
0.1929227,0.093136825,0.0921304,0.37673444,0.0,0.24507563
0.10432082,0.25992808,0.24211569,0.21534187,0.0,0.17829357
0.032892156,0.008001312,0.12784451,0.44398525,0.09971926,0.28755748
0.0879001,0.051179647,0.14435296,0.40720314,0.03352803,0.27583602
0.00032819936,0.0,0.109046854,0.566447,0.049286354,0.2748916
0.20020203,0.06985073,0.14608052,0.38032237,0.0,0.20354429
0.16662541,0.034605347,0.26950663,0.20546505,0.11272798,0.21106961
0.22053733,0.031723607,0.088472985,0.32418248,0.015056336,0.32002723
0.008813662,0.057405513,0.19105724,0.4281141,0.07060188,0.24400762
0.36293834,0.1347951,0.05455489,0.24366638,0.062114023,0.14193127
0.088502586,0.036740147,0.09447713,0.4043298,0.042335466,0.33361483
0.020794902,0.03076992,0.087022796,0.5329262,0.028683087,0.2998031
0.040039267,0.0,0.09927494,0.4726769,0.1225204,0.26548848
0.03134993,0.14247085,0.18366525,0.40259787,0.054963015,0.1849531
0.005075267,0.0,0.06516781,0.5156885,0.15135464,0.26271388
0.06255841,0.06593085,0.12873603,0.41105255,0.14224249,0.18947965
0.051675986,0.044109993,0.13307503,0.4649965,0.06660043,0.23954208
0.30891144,0.25246176,0.20170489,0.20814434,0.0,0.02877758
0.28326076,0.1140043,0.16924985,0.18330643,0.051779985,0.19839871
0.1830172,0.07685151,0.090350375,0.40265343,0.031496603,0.21563086
0.26252028,0.0339519,0.030189048,0.256015,0.074729964,0.34259376
0.2706583,0.24069647,0.16680329,0.19488016,0.0,0.12696177
0.095314346,0.03902195,0.21689804,0.3461603,0.029319342,0.273286
0.3808465,0.1442031,0.14193173,0.18238373,0.0,0.15063491
0.0022767284,0.03763456,0.08207515,0.54347265,0.09319058,0.24135026
0.068489365,0.0,0.07976569,0.49716085,0.11368185,0.24090227
0.0,0.020407796,0.1479763,0.51534647,0.067083806,0.24918562
0.31122965,0.0,0.0,0.2806405,0.009406855,0.398723
0.29073656,0.031633057,0.05219879,0.35423237,0.00659944,0.2645998
0.2629648,0.16838068,0.065254405,0.16928826,0.015399113,0.31871274
0.0046039396,0.0920346,0.072294906,0.52141064,0.04190228,0.26775366
0.038071238,0.054696906,0.16116841,0.37753782,0.07129793,0.2972277
0.45993027,0.15280709,0.12096975,0.14016086,0.008134377,0.11799765
0.1323233,0.24139419,0.10187004,0.25118387,0.047460526,0.22576812
0.24370912,0.09144499,0.06429632,0.37434417,0.0,0.22620533
0.11809894,0.03169447,0.21736293,0.33418122,0.0014552696,0.29720724
0.13565359,0.0,0.112290576,0.30198228,0.13476852,0.315305
0.014562352,0.076858714,0.19419344,0.4245711,0.06892763,0.2208868
0.0329407,0.032653145,0.14648399,0.4167616,0.006377773,0.36478278
0.0,0.0,0.10716623,0.5768463,0.083175324,0.23281214
0.0014531504,0.12027426,0.16710189,0.45593458,0.010732301,0.2445038
0.022739679,0.07983696,0.107080236,0.44782165,0.11546075,0.22706075
0.0078051635,0.058893897,0.16181669,0.48424885,0.033231393,0.25400406
0.23722076,0.015112835,0.011538826,0.34756118,0.16794816,0.22061825
0.26890448,0.15628432,0.20487699,0.23562096,0.0,0.13431329
0.27035698,0.14626399,0.045191474,0.17204532,0.0,0.36614227
0.041125443,0.17683582,0.090087906,0.3642657,0.015480193,0.312205
0.034101866,0.0990866,0.21855524,0.3380684,0.0,0.310188
0.2838851,0.028361991,0.07820791,0.19412385,0.04337006,0.3720511
0.05528186,0.0475182,0.0,0.20137441,0.0,0.6958255
0.42280322,0.05959239,0.10721184,0.18927133,0.02441633,0.19670491
0.18058525,0.10324384,0.16966471,0.38031,0.0,0.16619617
0.13884169,0.0,0.07407148,0.43599638,0.15534234,0.19574808
0.020843206,0.19366516,0.23092881,0.25269237,0.0098614525,0.29200906
0.10987656,0.06730809,0.13495547,0.2833345,0.101960346,0.302565
0.02760303,0.16624655,0.21481445,0.3198934,0.0,0.27144256
0.0064089308,0.12418769,0.09058739,0.32993954,0.14925781,0.29961866
0.008532458,0.10142769,0.1756186,0.42985708,0.02272501,0.2618392
0.092170894,0.11926602,0.16503389,0.38855678,0.0,0.23497239
0.23513019,0.19517788,0.2561431,0.13420576,0.0,0.17934307
0.0,0.0,0.012284426,0.2588668,0.0,0.7288488
0.34781724,0.1615577,0.19108054,0.15452263,0.0,0.14502184
0.21389523,0.16316484,0.17792122,0.19442676,0.09027825,0.16031373
0.02817491,0.06576946,0.12515691,0.4421469,0.048607573,0.29014426
0.013560645,0.1626859,0.18852614,0.3830756,0.011028774,0.24112292
0.00810284,0.13767628,0.1983473,0.3647443,0.055171024,0.23595819
3.2407355e-05,0.1798416,0.22390623,0.3566708,0.0,0.23954898
0.3954574,0.14297208,0.117954776,0.20126885,0.0,0.14234689
0.26902324,0.02676385,0.029321779,0.038699515,0.20152375,0.43466783
0.05336856,0.08040353,0.17568314,0.40488875,0.06814529,0.21751074
0.19117767,0.28266943,0.15997669,0.229079,0.0,0.13709718
0.14343826,0.070873044,0.16073015,0.3309186,0.10951805,0.18452188
0.3189832,0.13446072,0.15837261,0.18236418,0.07910808,0.12671116
0.26661494,0.3384414,0.25919777,0.13574591,0.0,0.0
0.25971973,0.20513895,0.06885004,0.24267232,0.0,0.22361901
0.073108606,0.0,0.05772674,0.39712057,0.024520252,0.4475238
0.3495097,0.0045560566,0.0,0.19502634,0.004154195,0.44675374
0.023975227,0.17040046,0.19832906,0.35313216,0.04816057,0.20600249
0.10412514,0.15186024,0.33354795,0.28854555,0.0,0.1219211
0.33355606,0.19990644,0.18674557,0.21085735,0.0,0.06893456
0.11856873,0.05925594,0.15801033,0.30367047,0.144342,0.21615253
0.122492075,0.16121718,0.30430824,0.23541029,0.0,0.17657225
0.22319622,0.0,0.08250191,0.38689366,0.019150576,0.28825766
0.35403883,0.2427779,0.13989231,0.1684174,0.0,0.09487361
0.023321304,0.0034481082,0.3624669,0.5938203,0.0059349337,0.011008477
0.0,0.09848989,0.139734,0.49313843,0.045719728,0.22291799
0.2047951,0.16872509,0.098201916,0.26529044,0.116759285,0.14622813
0.0,0.017776176,0.14635009,0.51935506,0.056199867,0.26031893
0.08306839,0.13451554,0.12841232,0.4179036,0.011818426,0.22428173
0.16520053,0.14240073,0.15739658,0.35660437,0.0,0.1783978
0.00066365546,0.047550693,0.16145705,0.4940035,0.07518528,0.22113979
0.31289813,0.021470997,0.068835594,0.32347807,0.15982297,0.113494284
0.50767624,0.0,0.0,0.17123291,0.015213592,0.30587733
0.18246636,0.039412886,0.0,0.32431173,0.076991275,0.37681776
0.41679344,0.11065825,0.018598506,0.20849627,0.0866919,0.15876165
0.19561939,0.19324522,0.20064965,0.2813676,0.029144686,0.099973485
0.22757979,0.0146690635,0.044511802,0.4209795,0.09247514,0.19978468
0.38712302,0.08733135,0.055337764,0.06462805,0.02603447,0.3795453
0.021071933,0.03808079,0.15858921,0.483219,0.04136961,0.25766948
0.27674016,0.02233963,0.035133474,0.3513815,0.1399248,0.17448045
0.012054246,0.17739642,0.19306092,0.40295032,0.0,0.2145381
0.09777015,0.14658369,0.14188668,0.348917,0.0,0.2648424
0.22304006,0.026678994,0.00080283143,0.34964356,0.11445804,0.28537655
0.14667286,0.14226335,0.15376182,0.29895726,0.019407455,0.23893726
0.33353272,0.21320155,0.15362786,0.1789051,0.08836711,0.032365646
0.0,0.08619554,0.16487399,0.49061024,0.02115653,0.2371637
0.04128496,0.12224579,0.28859705,0.2551702,0.019381864,0.27332014
0.086211056,0.07469732,0.046798874,0.4741111,0.0,0.31818163
0.06932955,0.0609061,0.103434145,0.42367524,0.13769348,0.20496151
0.1917888,0.050602358,0.16336493,0.3227791,0.12908268,0.14238217
0.16447905,0.0028172978,0.15655248,0.4082464,0.070757486,0.19714728
0.011672233,0.00241483,0.1431771,0.38390115,0.0676358,0.39119893
0.002178516,0.012121214,0.20207734,0.3623132,0.075081415,0.34622836
0.33652344,0.021531414,0.010525173,0.3852384,0.05122609,0.1949555
0.057243787,0.0002555934,0.04703341,0.3975425,0.16116843,0.3367563
0.025070256,0.0,0.086247936,0.5768,0.10870083,0.20318095
0.0027884445,0.055870097,0.20941369,0.43138784,0.05670949,0.24383044
0.14384374,0.21824625,0.21645233,0.2918139,0.0,0.1296438
0.15624535,0.21259773,0.20735037,0.32793635,0.0,0.09587015
0.037965875,0.007939798,0.14799617,0.49774167,0.04646177,0.26189473
0.08026065,0.020557864,0.07692756,0.3325297,0.06283723,0.42688698
0.23046649,0.0,0.001218385,0.45696443,0.0824184,0.22893229
0.11054037,0.0073147626,0.14249462,0.41997147,0.047926556,0.27175224
0.014375563,0.06758471,0.112013236,0.50680643,0.0135558415,0.28566423
0.04873865,0.047855802,0.13228235,0.48103562,0.0,0.29008755
0.18193223,0.23984587,0.16898969,0.258286,0.0,0.15094627
0.0006376397,0.1399868,0.21600842,0.40759605,0.0040762583,0.23169477
0.3543159,0.25310716,0.20005469,0.123820774,0.0,0.06870149
0.40612283,0.24425212,0.2040673,0.05972172,0.07310243,0.012733621
0.27070135,0.017304698,0.0,0.32918522,0.032923408,0.34988528
0.22692877,0.18400122,0.15572612,0.32632384,0.0,0.10702002
0.28038085,0.17609988,0.14378402,0.3223397,0.041791286,0.035604186
0.12082129,0.2713695,0.2514225,0.20219088,0.015533796,0.13866206
0.27333707,0.09431688,0.06573255,0.42276505,0.0140975695,0.12975092
0.3733999,0.0,0.18459386,0.17652453,0.022866141,0.24261552
0.13632448,0.01903958,0.072670735,0.5125818,0.046712264,0.21267119
0.006119363,0.09841937,0.16975026,0.46178612,0.038722567,0.22520235
0.37633517,0.20556507,0.09428557,0.2186253,0.0,0.105188906
0.17245534,0.18693313,0.12069178,0.21719323,0.09874411,0.20398243
0.06088558,0.14344528,0.14799497,0.4381863,0.0,0.20948792
0.05787622,0.008946654,0.007166871,0.46117473,0.0024694204,0.46236613
0.0,0.057825744,0.13839656,0.48414725,0.052294265,0.2673362
0.40112552,0.059532553,0.13722236,0.17038938,0.0,0.2317302
0.38536972,0.21155111,0.0009876982,0.122684315,0.0,0.27940714
0.44221097,0.081772104,0.05302148,0.119576454,0.0,0.30341896
0.03516202,0.058128327,0.09663144,0.53903604,0.017082995,0.25395912
0.006348652,0.08872874,0.20975752,0.44872117,0.020300195,0.2261437
0.1092873,0.066587776,0.268776,0.259359,0.087888524,0.20810144
0.20145102,0.12821828,0.05308201,0.20181184,0.0,0.4154368
0.22121796,0.034094878,0.11724307,0.29075524,0.0,0.33668888
0.22724281,0.045133926,0.09227402,0.24133526,0.09612466,0.29788935
0.030734131,0.08572616,0.17119963,0.45102674,0.017272132,0.2440412
0.36275658,0.0,0.025927197,0.38114682,0.017603561,0.2125659
0.118177615,0.11787598,0.05838431,0.39730668,0.04561352,0.26264188
0.014894568,0.08889194,0.18059635,0.4307453,0.01821078,0.26666105
0.38470483,0.08787352,0.0,0.19199726,0.0,0.33542436
0.34297076,0.03556315,0.013812987,0.27963403,0.068860576,0.2591585
0.03046335,0.1373271,0.12861718,0.36211306,0.0,0.3414793
0.30395237,0.32171455,0.08753699,0.18532343,0.0,0.101472616
0.0007516131,0.04578335,0.15935928,0.48264658,0.09194831,0.21951096
0.16005172,0.16572264,0.062378395,0.36157316,0.07018699,0.18008712
0.18515669,0.1775983,0.16492625,0.3132272,0.0,0.15909158
0.25045967,0.027821606,0.054963678,0.36842954,0.14170754,0.15661798
0.26672834,0.082885325,0.15151659,0.22357768,0.104885295,0.17040679
0.15892045,0.10890703,0.12497886,0.3273525,0.0,0.27984115
0.0,0.0,0.0,0.007881071,0.0,0.99211895
0.0021812774,0.0,0.0855339,0.4073734,0.003617245,0.50129426
0.12606251,0.118639864,0.11727563,0.42599335,0.0,0.21202864
0.43282545,0.09658299,0.054273415,0.2868639,0.032631624,0.096822664
0.1816288,0.0,0.07004365,0.19300278,0.0,0.5553248
0.10380747,0.0,0.15945634,0.42293996,0.03936524,0.274431
0.091496706,0.0,0.026872884,0.20173706,0.07905104,0.6008423
0.29734465,0.018458407,0.14017783,0.43489927,0.026890596,0.08222921
0.33753926,0.09118943,0.2698042,0.09712325,0.0,0.20434384
0.0,0.0,0.112809375,0.57987654,0.085402235,0.2219119
0.26222688,0.2586242,0.19793603,0.21661785,0.0,0.064595066
0.02908502,0.0482814,0.18196112,0.4476922,0.0075290157,0.28545126
0.42498893,0.09235422,0.04120265,0.124383345,0.007021931,0.31004894
0.2837991,0.22873649,0.14776681,0.24547821,0.0014778285,0.09274152
0.021473793,0.21001554,0.19199114,0.31828356,0.0,0.258236
0.09816102,0.0,0.026355231,0.5730408,0.15350609,0.14893688
0.13594282,0.116758004,0.11504345,0.45965537,0.0,0.17260034
0.27738562,0.08299012,0.13098519,0.2576341,0.0,0.25100493
0.25072107,0.0,0.0017964712,0.37644997,0.07669354,0.29433897
0.19284216,0.058252383,0.07161303,0.35791644,0.03530825,0.28406778
0.34123665,0.087231465,0.0,0.37706792,0.0048866565,0.1895773
0.3668555,0.114417195,0.07865105,0.2538386,0.0,0.18623762
0.32688016,0.1719071,0.14816293,0.23061278,0.048557788,0.073879234
0.20901436,0.11270944,0.060489796,0.33638352,0.0546067,0.2267962
0.16299519,0.08491708,0.0,0.3337352,0.14459331,0.27375922
0.0053794477,0.0,0.046023667,0.5084589,0.06505877,0.3750791
0.25454104,0.23186314,0.08548907,0.2814781,0.0,0.14662865
0.17554288,0.0,0.0,0.26340905,0.103342675,0.4577054
0.19411722,0.0070045525,0.08946224,0.33219555,0.014915459,0.36230505
0.21127763,0.07396275,0.058273755,0.44148818,0.06273599,0.15226172
0.23490243,0.0,0.0,0.3000619,0.17047289,0.29456273
0.317077,0.037898622,0.0026014918,0.3716945,0.059638828,0.21108958
0.26757565,0.13103354,0.041103162,0.34810326,0.0,0.21218437
0.25239167,0.10143604,0.077340044,0.32411522,0.0,0.24471703
0.00010064916,0.10180093,0.22067371,0.41851583,0.0,0.25890887
0.087048754,0.2007308,0.3188913,0.218467,0.0,0.17486218
0.06724039,0.052227568,0.16847135,0.41760778,0.059840463,0.23461245
0.02481223,0.11320229,0.0958143,0.41049805,0.0,0.35567316
0.12688765,0.18740234,0.11899044,0.31845552,0.10532387,0.14294024
0.36425662,0.18021448,0.08865509,0.20434102,0.0030994862,0.15943332
0.21618593,0.0060131317,0.005500288,0.44189394,0.0021700829,0.32823664
0.11906662,0.015018185,0.12298149,0.34153736,0.10865597,0.29274032
0.09396629,0.0006455133,0.073289126,0.49196303,0.11636585,0.22377023
0.041658044,0.12619017,0.21154842,0.32419935,0.10309843,0.1933056
0.052670028,0.037484944,0.14682785,0.42515188,0.11958794,0.21827741
0.38914925,0.17426442,0.048828784,0.18586951,0.0,0.20188802
0.23906896,0.17691806,0.14060278,0.28403312,0.0,0.15937705
0.23025453,0.0,0.0765907,0.44700336,0.09001617,0.15613525
0.17835218,0.1629986,0.18116428,0.26424605,0.0,0.21323888
0.13590422,0.0,0.05058197,0.21361212,0.11206715,0.48783457
0.002654924,0.0070092515,0.13508251,0.5144147,0.098180376,0.24265823
0.0035214734,0.01067135,0.09622507,0.5486086,0.051312603,0.2896609
0.09296858,0.09301321,0.17381011,0.4276676,0.0,0.21254048
0.005697689,0.11416417,0.18410027,0.38959426,0.0,0.30644363
0.0,0.024451777,0.13449387,0.4872296,0.037020724,0.31680405
0.06024583,0.0,0.05999145,0.55947936,0.08536793,0.23491542
0.1121456,0.1702244,0.182296,0.36316043,0.0,0.17217359
0.1396423,0.003412335,0.08959085,0.46534595,0.026884247,0.2751243
0.0,0.07717644,0.22075641,0.38656035,0.0,0.31550682
0.19324952,0.044332035,0.12651514,0.3984649,0.042613078,0.1948253
0.0032538665,0.011954357,0.15063325,0.5745893,0.018188562,0.24138066
0.003235581,0.03104641,0.050268956,0.3804646,0.0,0.53498447
0.13707492,0.24931526,0.2656896,0.29339755,0.0,0.05452267
0.36290354,0.10484296,0.16191426,0.25240874,0.0,0.11793049
0.0,0.0044387663,0.12742674,0.5364773,0.060315512,0.27134168
0.27237725,0.0,0.046596862,0.3094248,0.1045387,0.2670624
0.2210165,0.12966298,0.019637996,0.35123155,0.0034355368,0.2750154
0.022136036,0.024924949,0.0025505112,0.5242368,0.10645497,0.31969675
0.043464758,0.11902841,0.19873662,0.3872594,0.0,0.25151083
0.3847807,0.01724982,0.0442168,0.3037247,0.07141848,0.17860949
0.0,0.16030714,0.15241267,0.20619482,0.13406606,0.34701934
0.29743367,0.1799065,0.08932187,0.26691896,0.0,0.16641897
0.14755502,0.16542105,0.12933812,0.24946012,0.039829068,0.26839668
0.122228324,0.0,0.1342526,0.32461613,0.09974091,0.31916198
0.22251625,0.0,0.024144698,0.24685551,0.09047265,0.4160109
0.0,0.047268916,0.18192494,0.4876674,0.050750207,0.23238851
0.0,0.07115133,0.19196565,0.4111581,0.0054005915,0.32032436
0.01858126,0.111862384,0.16721399,0.35335612,0.026397761,0.32258847
0.0085495245,0.14028785,0.17067656,0.4388431,0.003906606,0.23773637
0.2841803,0.0,0.11810634,0.27260596,0.007214713,0.31789273
0.09502122,0.21220484,0.18281993,0.28156942,0.0,0.22838454
0.26830897,0.20177853,0.15991847,0.29297194,0.0014376864,0.07558443
0.117581435,0.10479774,0.2650776,0.25867006,0.03826984,0.21560341
0.2901368,0.13744996,0.07738601,0.32883656,0.048898183,0.11729252
0.57117957,0.18676749,0.14742324,0.08336397,0.00059986435,0.010665838
0.491646,0.30448538,0.060826182,0.012444262,0.0,0.13059817
0.26178724,0.26783866,0.18432531,0.2426668,0.0037023332,0.039679617
0.07847302,0.0,0.1126314,0.40043977,0.058103822,0.350352
0.009226081,0.03908634,0.15502444,0.39663813,0.08229632,0.31772876
0.3951474,0.11500283,0.12786612,0.19803245,0.008739787,0.15521145
0.33930886,0.047887564,0.047627207,0.35116345,0.03312661,0.1808863
0.2299172,0.22761993,0.20706353,0.24699727,0.044427745,0.043974306
0.4412765,0.14546773,0.14014433,0.19904058,0.0022211543,0.07184973
0.447091,0.105412126,0.15566432,0.07738525,0.0,0.21444727
0.290118,0.21278961,0.1888304,0.20276287,0.0,0.105499074
0.0016967641,0.21862137,0.26712114,0.31146458,0.0,0.20109612
0.35726082,0.04782699,0.027150583,0.3412369,0.05026108,0.17626365
0.3287434,0.07622185,0.036738712,0.2996193,0.13625361,0.12242314
0.0047086375,0.07689048,0.21962003,0.4207373,0.0,0.2780436
0.4530264,0.1383048,0.11927726,0.19091912,0.034970723,0.06350164
0.36256114,0.13521223,0.07799308,0.22868714,0.106446266,0.0891001
0.24931255,0.041113567,0.17860623,0.27343136,0.0,0.2575363
0.45715246,0.027069807,0.0,0.19002949,0.0120445825,0.31370366
0.15906677,0.07004104,0.07227415,0.39398947,0.07661758,0.22801097
0.0968577,0.10463794,0.17110236,0.40838844,0.097785115,0.121228494
0.15678892,0.25115746,0.19189423,0.28386799,0.0,0.116291344
0.00079417526,0.007941495,0.12223326,0.5466882,0.067976914,0.25436595
0.29120862,0.017474305,0.18145147,0.25448138,0.018667417,0.2367168
0.452077,0.014152366,0.08492608,0.15649174,0.08477207,0.20758075
0.004702226,0.12697145,0.18171673,0.44353232,0.0579359,0.1851413
0.28638473,0.25714204,0.16062948,0.2298519,0.026839137,0.03915268
0.004379238,0.13895907,0.19734271,0.36907375,0.044429652,0.24581559
0.18831345,0.00084863295,0.0,0.37014145,0.040126234,0.4005702
0.3383807,0.10918158,0.110481545,0.13334543,0.004799625,0.3038111
0.43322498,0.12248548,0.0066369697,0.17289492,0.0,0.26475766
0.40541855,0.0,0.0,0.17624283,0.062300645,0.35603794
0.3230093,0.14458132,0.19026314,0.24302773,0.0,0.09911853
0.065403275,0.16361842,0.2286139,0.35275093,0.0,0.18961348
0.0,0.054142755,0.15604609,0.49918604,0.07135876,0.21926633
0.17379415,0.07091763,0.18084753,0.32471985,0.07458027,0.17514053
0.010027265,0.18205772,0.21249478,0.3935259,0.007685972,0.19420837
0.01745709,0.13942434,0.16795841,0.45397553,0.0,0.22118464
0.14194973,0.18172699,0.19360265,0.3357878,0.0,0.14693278
0.16173398,0.21624628,0.23194249,0.27565166,0.0,0.114425614
0.20763521,0.2589003,0.18221036,0.22238688,0.0011978017,0.12766935
0.4531907,0.10079589,0.020148426,0.2549041,0.004940135,0.16602072
0.31036514,0.17135142,0.09773494,0.3150073,0.026999239,0.07854198
0.15421708,0.0062526823,0.0,0.3142135,0.12133608,0.40398067
0.014250082,0.16357732,0.21922931,0.37918988,0.0074245306,0.21632889
0.16766465,0.0029842274,0.01580296,0.26604593,0.22054195,0.3269603
0.25798896,0.18911536,0.13970809,0.21725464,0.070321284,0.12561163
0.10316847,0.10782025,0.07921548,0.38494414,0.16570784,0.15914375
0.2039401,0.12324415,0.10603599,0.26855054,0.064474665,0.23375455
0.020773713,0.16056183,0.048615318,0.36984825,0.06862362,0.3315773
0.45544887,0.06441096,0.0077598942,0.17678888,0.0,0.29559135
0.15775628,0.09567942,0.16311164,0.37017852,0.003985442,0.20928863
0.09965731,0.12718216,0.15534365,0.35702834,0.052584827,0.20820378
0.2948161,0.050547145,0.17847922,0.17583951,0.103416026,0.19690199
0.14485335,0.20263949,0.20318732,0.31704348,0.0,0.13227639
0.3160377,0.15357083,0.16358511,0.23351562,0.05917691,0.0741138
0.04142405,0.17966816,0.1472027,0.358779,0.061444234,0.21148181
0.043699764,0.089979105,0.18771113,0.42204028,0.059832174,0.19673757
0.0805193,0.07639837,0.19068465,0.4158888,0.015166268,0.22134268
0.0018442583,0.0,0.13531864,0.5741497,0.08980876,0.1988786
0.40735632,0.22709446,0.12534316,0.13858561,0.0,0.101620495
0.014059851,0.114316285,0.19310382,0.3813436,0.060379613,0.23679677
0.0021967706,0.0697091,0.14766261,0.4964346,0.048950605,0.23504636
0.022117335,0.17747667,0.2089361,0.3855284,0.0,0.20594151
0.1320788,0.10218434,0.22440906,0.4060641,0.0,0.13526374
0.09043608,0.25100768,0.2439723,0.24887751,0.0,0.16570643
0.15935549,0.024575388,0.062395256,0.49267828,0.049320973,0.21167457
0.029003244,0.023394335,0.1148363,0.52778774,0.045713924,0.25926447
0.0011112991,0.02206026,0.11723343,0.4392571,0.0038198368,0.4165181
0.1583193,0.23015372,0.14404361,0.33025914,0.0,0.13722423
0.09326689,0.10896909,0.09395985,0.4255173,0.15797302,0.12031388
0.13675359,0.12468121,0.2190558,0.2829333,0.038245946,0.19833015
0.42800882,0.14100286,0.029510796,0.13626955,0.017612899,0.24759501
0.30190873,0.09174676,0.17451714,0.13318875,0.0,0.2986386
0.17936341,0.08485599,0.1781637,0.30549818,0.0,0.25211868
0.14457855,0.12692328,0.10652281,0.38782367,0.008629615,0.22552201
0.0,0.053514104,0.09685101,0.56707007,0.008457748,0.27410713
0.14878866,0.1421272,0.0,0.3527996,0.0,0.3562845
0.09334805,0.038832486,0.18514726,0.40355957,0.0341272,0.24498548
0.06968911,0.035869144,0.09595142,0.5109633,0.04930379,0.2382232
0.09952133,0.04866905,0.14918932,0.31588364,0.05122765,0.335509
0.016645566,0.1259242,0.19311677,0.49035224,0.0,0.1739612
0.05276207,0.051161487,0.14394698,0.3946874,0.08282628,0.2746158
0.014824109,0.084495865,0.19135514,0.44583666,0.014243839,0.24924436
0.052315786,0.05187415,0.11438388,0.46368572,0.065297365,0.25244302
0.12940356,0.33082715,0.25281006,0.2087867,0.0,0.07817251
0.12241436,0.16737662,0.16054997,0.28302416,0.0074767843,0.25915807
0.17402394,0.051854968,0.0,0.5213729,0.014550547,0.23819765
0.11327041,0.10587703,0.1249033,0.44316578,0.0,0.21278346
0.41292036,0.03826099,0.0,0.1865554,0.037702538,0.32456076
0.00059456995,0.082681045,0.12725256,0.42964387,0.083472565,0.27635542
0.092750065,0.04489693,0.17973827,0.42230907,0.0077484474,0.25255725
0.014020035,0.07870848,0.14804277,0.39892077,0.0,0.36030787
0.2468139,0.0,0.017108535,0.24237634,0.0,0.49370122
0.10216791,0.05241128,0.11026218,0.45889544,0.05497099,0.22129223
0.004835638,0.09375328,0.15861419,0.48287162,0.0014048548,0.25852045
0.15650779,0.25139064,0.0157946,0.1847725,0.106149375,0.28538516
0.0017483272,0.10427417,0.16358343,0.46393278,0.020188404,0.24627288
0.14896856,0.11938522,0.1552721,0.36962685,0.0,0.20674725
0.035723485,0.09597765,0.0024994821,0.4871574,0.15718547,0.22145654
0.120079905,0.09625351,0.033860575,0.26355156,0.16347407,0.32278034
0.0014209873,0.06633817,0.12230186,0.50114113,0.00054991903,0.30824792
0.012673458,0.05994915,0.1782311,0.4891367,0.037632335,0.22237727
0.09993555,0.11634898,0.16889954,0.38785365,0.020665443,0.20629682
0.00418903,0.08698455,0.19164154,0.43756774,0.0028060186,0.27681112
0.0031968087,0.09006797,0.1840539,0.485831,0.016082343,0.22076795
0.005152967,0.096502684,0.16135821,0.4505104,0.0020071527,0.28446862
0.013179298,0.006304468,0.059873395,0.5602962,0.1241104,0.23623624
0.32518357,0.13929582,0.027045613,0.040481187,0.014493763,0.4535001
0.17525476,0.25592396,0.10299841,0.34891978,0.00021558725,0.11668748
0.10320921,0.055191893,0.20680113,0.35622326,0.025351465,0.253223
0.29090998,0.17281686,0.08253606,0.33393925,0.026617432,0.09318046
0.1274923,0.009527214,0.15676989,0.33921832,0.046887547,0.32010478
0.0010147595,0.053501498,0.099382326,0.3692654,0.08013122,0.39670476
0.034660175,0.105669044,0.19455512,0.42194405,0.024823878,0.21834771
0.08855679,0.074248955,0.09244825,0.45673606,0.01606148,0.27194846
0.30309376,0.3006213,0.24919,0.13780665,0.0,0.009288268
0.0,0.024715072,0.1646243,0.53736365,0.057270087,0.21602683
0.09910094,0.025488447,0.04394974,0.46415138,0.0,0.3673095
0.11558475,0.07832072,0.12694499,0.43416512,0.08694504,0.1580394
0.3330866,0.0,0.0,0.13725422,0.1786494,0.3510098
0.0,0.10799213,0.297916,0.30007836,0.0,0.2940135
0.2724683,0.20815766,0.013890359,0.28411615,0.0008515003,0.22051603
0.0008127955,0.07105587,0.20538433,0.44909173,0.06687418,0.20678107
0.008246949,0.13550529,0.16353174,0.469057,0.02121213,0.2024469
0.20574513,0.08324189,0.111737505,0.31131953,0.15181842,0.13613755
0.03903763,0.16971622,0.18694583,0.41317686,0.0,0.19112344
0.23702754,0.15236557,0.17711976,0.27985805,0.0,0.1536291
0.045937836,0.0655994,0.14385101,0.4218231,0.035489924,0.28729868
0.12571451,0.14004585,0.15247664,0.34117472,0.032098074,0.20849016
0.036557257,0.03451582,0.045973398,0.26167887,0.07888837,0.5423863
0.38185108,0.048640706,0.14699408,0.26853278,0.08139152,0.072589844
0.35208094,0.13881978,0.22621961,0.1670087,0.010318364,0.1055526
0.27976835,0.25978905,0.14458406,0.24765263,0.0,0.06820585
0.14665368,0.10304395,0.20021418,0.28468308,0.0043146247,0.26109052
0.0043228744,0.093131706,0.16575511,0.4423827,0.05499459,0.23941307
0.38868326,0.0067662396,0.037554603,0.27942604,0.028302655,0.2592672
0.3260958,0.00928253,0.11863975,0.27701387,0.06870031,0.20026775
0.0840165,0.0,0.16643155,0.35312128,0.08840977,0.3080209
0.081121445,0.116083,0.17555311,0.322292,0.079430714,0.22551978
0.31586453,0.14757618,0.07284603,0.29654342,0.0,0.16716976
0.27023846,0.06293878,0.11041359,0.29925996,0.04793142,0.20921773
0.0,0.06913723,0.22340341,0.34836346,0.026322857,0.332773
0.045843422,0.070927344,0.1833687,0.42689684,0.0,0.27296376
0.07482465,0.1747524,0.1492563,0.38876244,0.0,0.2124042
0.17234494,0.010712822,0.060034048,0.5137755,0.00999744,0.23313518
0.06930072,0.047557436,0.13896345,0.4292097,0.07628489,0.23868382
0.03212151,0.094533324,0.0027631032,0.50949126,0.15736505,0.20372571
0.3632459,0.16912493,0.09806837,0.24121211,0.026971187,0.10137753
0.0040444746,0.035400663,0.1742805,0.45708436,0.04214142,0.28704864
0.06436161,0.11873923,0.19309467,0.34953475,0.049225464,0.2250443
0.011195701,0.12607478,0.20478077,0.39674535,0.0063862475,0.25481713
0.3516773,0.10726104,0.09908676,0.2801835,0.0,0.16179137
0.009513211,0.12566859,0.20552197,0.42859823,0.0,0.23069799
0.29026595,0.052736253,0.1882226,0.3552035,0.011335478,0.10223624
0.008545376,0.065291114,0.06369082,0.488158,0.088741854,0.28557286
0.31522495,0.00068469427,0.0,0.4216755,0.0021056118,0.26030928
0.07215136,0.0,0.014234314,0.4296559,0.13064466,0.35331374
0.31039718,0.10370193,0.08291341,0.20307997,0.16169399,0.13821352
0.39708692,0.069573216,0.009432406,0.18023098,0.029866308,0.31381014
0.1584962,0.011513019,0.03523009,0.49436617,0.03586983,0.2645247
0.2535092,0.095174566,0.055657454,0.33308518,0.09329386,0.16927972
0.092512295,0.0,0.07540633,0.6822571,0.14315586,0.006668446
0.000252079,0.008409036,0.12986091,0.535646,0.028888326,0.29694366
0.03751251,0.0,0.13416362,0.4618132,0.1296256,0.23688504
0.08255218,0.10571158,0.1724041,0.32627606,0.0703177,0.24273844
0.011836926,0.08635024,0.1905098,0.33402425,0.0,0.37727875
0.044238735,0.0,0.121507406,0.41473624,0.093570255,0.32594734
0.24501646,0.18831305,0.1955339,0.26166537,0.0,0.10947118
0.05942229,0.07093634,0.1719481,0.43908477,0.08303998,0.17556852
0.003807736,0.23038867,0.21887305,0.26901123,0.012554574,0.26536474
0.19085899,0.08715416,0.022828167,0.5142121,0.0,0.18494666
0.0057535185,0.012206969,0.107219055,0.46336636,0.10159119,0.3098629
0.015127288,0.0,0.012095474,0.30872187,0.017167686,0.64688766
0.17050141,0.096111074,0.03810434,0.39743435,0.0,0.29784888
0.10187565,0.22851498,0.2347141,0.25439468,0.0,0.1805006
0.0034350134,0.10359205,0.118520975,0.47375017,0.006798374,0.29390344
0.38520253,0.00222675,0.0,0.27317888,0.0,0.3393919
0.23880406,0.15882656,0.14815137,0.24134663,0.019405395,0.19346595
0.032450907,0.083222814,0.1952277,0.36940837,0.0,0.31969017
0.40235588,0.15987921,0.15833443,0.1726267,0.0,0.10680376
0.00024548214,0.13539532,0.20932782,0.43084383,0.0,0.22418758
0.22902718,0.044392683,0.055693083,0.41182733,0.015901124,0.24315865
0.012740767,0.049162064,0.18795124,0.30457824,0.0,0.44556773
0.03304398,0.0,0.11110451,0.49043962,0.07738266,0.28802925
0.15282191,0.07835995,0.17034993,0.33543283,0.0033458448,0.2596895
0.39083132,0.172248,0.08813123,0.077570304,0.06265445,0.2085647
0.097833045,0.007391643,0.1750652,0.41255796,0.08780791,0.21934424
0.004449512,0.058107965,0.16528313,0.47691384,0.019187644,0.27605787
0.12632427,0.0,0.087882295,0.4794979,0.093127705,0.21316783
0.24008253,0.0,0.007453258,0.30339715,0.03355826,0.4155088
0.0652256,0.038472433,0.061306782,0.40313166,0.17077054,0.261093
0.0026317565,0.08088659,0.16197217,0.5104218,0.018925782,0.22516187
0.23227398,0.14574155,0.0920089,0.32037932,0.011439298,0.19815695
0.0,0.051418018,0.2445558,0.3353192,0.0,0.36870694
0.032071598,0.13071907,0.28148642,0.32289562,0.0,0.23282732
0.13591293,0.19723763,0.14744452,0.2896027,0.0,0.22980224
0.3149295,0.10434677,0.06889837,0.19320571,0.0,0.31861967
0.34208673,0.18339907,0.2527815,0.15262882,0.0,0.069103874
0.22394827,0.18880981,0.2881251,0.14776683,0.0008713977,0.15047863
0.5130758,0.040409036,0.13781121,0.2217134,0.013800478,0.07319006
0.14192551,0.1711181,0.17534357,0.29719725,0.0,0.21441555
0.20556818,0.22102293,0.15793593,0.32191446,0.0,0.09355843
0.0059982752,0.06336056,0.14706342,0.4772478,0.06706555,0.2392644
0.32251287,0.019916411,0.001338955,0.274512,0.115818575,0.26590124
0.22798684,0.11743398,0.1985681,0.21587937,0.0,0.2401317
0.0001477608,0.1335134,0.18259318,0.4224837,0.0,0.26126197
0.23359868,0.055399634,0.13879235,0.31863436,0.0,0.25357497
0.26735598,0.054770388,0.0,0.39177904,0.0,0.2860946
0.021316782,0.08746107,0.023420706,0.4852116,0.187023,0.19556686
0.2142633,0.0026587811,0.05759088,0.18899553,0.16064134,0.37585017
0.00013680765,0.098472245,0.16142723,0.5010627,0.010518635,0.22838235
0.028384764,0.0027460814,0.14405313,0.50682133,0.04409025,0.2739044
0.02372177,0.12394748,0.20219536,0.41251296,0.0,0.23762238
0.061142363,0.047667474,0.05615493,0.48816252,0.19200724,0.15486547
0.0,0.080240645,0.18545997,0.47258404,0.032682028,0.22903334
0.2956542,0.13334832,0.10476079,0.2844883,0.00796401,0.17378443
0.26794606,0.10939179,0.0,0.35452348,0.0011175436,0.26702112
0.0,0.0,0.026279608,0.59982145,0.07205606,0.30184284
0.23014313,0.25779077,0.17538889,0.2670453,0.0,0.06963198
0.180486,0.26124611,0.20499966,0.27540448,0.0,0.07786374
0.019973535,0.0471072,0.004492971,0.48950863,0.21358564,0.22533199
0.32191932,0.098553315,0.17632616,0.22482367,0.0,0.17837751
0.043451235,0.06246696,0.11661705,0.47537357,0.11892507,0.18316607
0.0056854677,0.067075275,0.17850259,0.40823597,0.080188714,0.2603119
0.2854581,0.19037263,0.11951349,0.3339172,0.0,0.07073861
0.37014785,0.0060801534,0.0,0.36732775,0.019269735,0.23717451
0.32610774,0.04133443,0.091084,0.22393301,0.123482965,0.19405785
0.0832806,0.022762846,0.08819036,0.47751078,0.13090256,0.1973529
0.032076724,0.113558434,0.11133993,0.50178635,0.0007377608,0.2405008
0.26294208,0.10259794,0.10493362,0.2662326,0.030393507,0.23290028
0.18210968,0.11298821,0.10074735,0.29746407,0.000117831514,0.30657282
0.31128448,0.15298066,0.12824647,0.19652657,0.0,0.21096183
0.19033696,0.18384694,0.20137529,0.26861566,0.0007351273,0.15509
0.25608552,0.0,0.0022575941,0.41854846,0.044003785,0.27910465
0.19771387,0.1224692,0.13794199,0.27545714,0.04729011,0.2191277
0.056739308,0.0,0.042157285,0.5606382,0.09417539,0.24628976
0.22272249,0.14172934,0.010614654,0.33041078,0.0,0.2945228
0.2769532,0.0067175427,0.11648214,0.27626616,0.08242893,0.24115203
0.23939636,0.22617912,0.22904925,0.22508532,0.0,0.080289975
0.13115934,0.23338981,0.1768038,0.2972998,0.0,0.1613473
0.16291134,0.12582833,0.14843006,0.34296647,0.0,0.2198638
0.31895503,0.19351311,0.16891801,0.18606476,0.0,0.1325491
0.14780606,0.16006559,0.09691869,0.31499153,0.12863849,0.15157963
0.026570762,0.05581998,0.1841015,0.39134333,0.13059247,0.21157198
0.13131046,0.12829456,0.16266249,0.39009026,0.0041869986,0.18345523
0.03643761,0.10311033,0.050534226,0.43579775,0.177525,0.1965951
0.19230759,0.18334606,0.11734281,0.34025145,0.10734463,0.059407484
0.36968368,0.0075203674,0.013867287,0.29563326,0.05854646,0.25474894
0.19226623,0.07039715,0.114004575,0.3245197,0.0,0.29881236
0.2526368,0.0035045247,0.0,0.3605322,0.004934416,0.3783921
0.18478003,0.10572688,0.18177016,0.3228076,0.0056581656,0.19925718
0.12021544,0.018216863,0.08908806,0.37040848,0.20173232,0.20033884
0.330687,0.08742671,0.018190712,0.3195822,0.06755211,0.17656133
0.008890713,0.05859076,0.1326654,0.44605535,0.07913642,0.27466136
0.021114888,0.11906508,0.20592423,0.37279522,0.0,0.28110057
0.12253418,0.0,0.0,0.31742802,0.098624155,0.46141362
0.10427917,0.101981305,0.121942416,0.43338785,0.0,0.23840924
0.24360064,0.17244093,0.23464969,0.22914279,0.0,0.120165944
0.0,0.08511337,0.17164098,0.4911496,0.014205486,0.23789057
0.03425947,0.029745305,0.13764155,0.48741508,0.13626929,0.17466931
0.34746233,0.0063689277,0.0,0.2984092,0.077840656,0.26991892
0.019070204,0.04563553,0.27438098,0.37875882,0.0,0.28215444
0.0052020196,0.050080694,0.15260613,0.45391005,0.06858038,0.26962075
0.33107144,0.032313913,0.00877506,0.42408934,0.0,0.2037502
0.037629336,0.008231845,0.00088900764,0.5343544,0.03943679,0.37945867
0.1261954,0.11371422,0.18694746,0.28251693,0.05088836,0.23973763
0.010386248,0.08885671,0.09279591,0.47195083,0.13256815,0.2034421
0.14922823,0.18368776,0.08211297,0.26383325,0.0,0.3211378
0.02567308,0.10045902,0.20474085,0.4120764,0.0,0.25705057
0.036551494,0.0,0.11620867,0.45812273,0.07798146,0.31113565
0.0,0.12003913,0.16269127,0.486193,0.0,0.23107657
0.28742334,0.23508127,0.15912548,0.15604386,0.0,0.16232604
0.24466869,0.198328,0.13587463,0.3335989,0.0,0.08752979
0.0058647674,0.060494214,0.18530154,0.4540041,0.038291745,0.2560436
0.37962496,0.25049052,0.19836369,0.11486315,0.0,0.056657672
0.033552688,0.0074059726,0.11814202,0.5022488,0.08035537,0.2582951
0.1617951,0.08374241,0.081602804,0.44046313,0.046359003,0.18603753
0.1059076,0.11331348,0.086678065,0.46839902,0.0,0.22570185
0.31714454,0.009509669,0.0,0.18262862,0.14723471,0.3434825
0.32977313,0.31391627,0.19398937,0.050955992,0.0016503641,0.10971493
0.020612843,0.043318227,0.13134728,0.44900107,0.038715776,0.31700477
0.2826478,0.17255127,0.05339271,0.27495527,0.06061738,0.1558356
0.3333866,0.22910373,0.20356536,0.19092536,0.0,0.043018937
0.0011203592,0.15468033,0.22491431,0.40534878,0.0043854984,0.20955074
0.12069746,0.014381861,0.082808554,0.353541,0.16181037,0.26676074
0.40077296,0.028572956,0.079100125,0.2815469,0.0030891881,0.20691787
0.12645258,0.06228248,0.09458274,0.33472407,0.13970205,0.24225606
0.39051965,0.06005884,0.15597613,0.1900381,0.034734447,0.16867286
0.07208288,0.07200287,0.17777526,0.45580605,0.005995947,0.21633697
0.48216772,0.013784865,0.007974014,0.24353558,0.0,0.25253782
0.0023154386,0.05017971,0.14841923,0.51332325,0.07769749,0.20806488
0.18691844,0.20184553,0.08432068,0.19116542,0.16915278,0.16659716
0.00455571,0.02024799,0.20066758,0.4219428,0.12736173,0.22522417
0.20614554,0.011456404,0.17993921,0.29442132,0.038031828,0.2700056
0.06939555,0.060940884,0.12469296,0.4006795,0.113466635,0.23082443
0.22628428,0.027185056,0.14375725,0.41122502,0.06748661,0.12406178
0.38081852,0.0052890484,0.0043134238,0.27339324,0.112554014,0.2236318
0.269858,0.21345031,0.11833005,0.2648302,0.0,0.13353144
0.048693135,0.123315156,0.18845928,0.4353371,0.0,0.20419535
0.0,0.04462412,0.15037417,0.48658246,0.05596531,0.262454
0.3407989,0.022593502,0.0018852337,0.27669516,0.017055193,0.34097195
0.13079777,0.10313374,0.10316392,0.31872696,0.111989714,0.23218782
0.06471802,0.0,0.092792794,0.43957457,0.04517361,0.35774103
0.09507372,0.06993105,0.14183044,0.42510137,0.016908413,0.25115496
0.008463731,0.11851649,0.13840337,0.45964193,0.05891903,0.21605542
0.12641236,0.14797238,0.035376593,0.3452039,0.13861044,0.20642431
0.059913646,0.11492933,0.15164372,0.364291,0.15287812,0.15634415
0.009336194,0.15186003,0.24007046,0.4143515,0.0,0.18438181
0.086452015,0.08138565,0.21155235,0.3954708,0.07058425,0.1545549
0.12092461,0.029840041,0.0905308,0.37255123,0.0,0.3861533
0.0,0.020342408,0.13973317,0.5559324,0.04522724,0.2387647
0.15643744,0.048858054,0.09002132,0.47028446,0.0015622583,0.23283647
0.41665572,0.26839146,0.13543914,0.095256746,0.0,0.08425687
0.19374995,0.11336406,0.14668329,0.28894764,0.053193737,0.20406128
0.13821788,0.0,0.06741642,0.50153315,0.11660598,0.17622657
0.005989707,0.13607311,0.19563934,0.3802309,0.061710518,0.22035639
0.03795446,0.0,0.13765319,0.52291554,0.055993605,0.24548319
0.0022592712,0.11419897,0.17852107,0.4300087,0.005867164,0.26914477
0.008457315,0.045295306,0.24555585,0.39128456,0.018504705,0.29090226
0.0020087447,0.050119214,0.20976195,0.4195442,0.026938012,0.29162788
0.104010545,0.08744446,0.028149629,0.470449,0.07343873,0.23650768
0.081069276,0.09708486,0.16140184,0.42747343,0.0014588673,0.23151179
0.06708978,0.07843595,0.13256754,0.38340086,0.11233099,0.22617489
0.26785213,0.11192119,0.1392918,0.28585547,0.062041115,0.13303828
0.008659738,0.16400687,0.22610232,0.39509028,0.0,0.20614073
0.0,0.13977465,0.3292614,0.32755136,0.0,0.20341256
0.32735258,0.10694996,0.1915878,0.2662116,0.004048309,0.1038497
0.3439336,0.053428657,0.13283148,0.17745972,0.016241489,0.27610502
0.06324174,0.18611354,0.18091905,0.33086216,0.08993964,0.14892384
0.17711857,0.082817934,0.3043967,0.26506573,0.0,0.17060111
0.07130764,0.12266314,0.04701384,0.45560363,0.010539256,0.2928725
0.18972014,0.10462145,0.15403111,0.31812093,0.010668238,0.22283816
0.0,0.10262112,0.17582598,0.44724616,0.0013621444,0.27294466
0.14308123,0.027974382,0.16009982,0.3432068,0.050416518,0.27522126
0.26206678,0.10897777,0.09981363,0.2877937,0.09232697,0.1490211
0.16606586,0.06267792,0.11775694,0.34494826,0.028770909,0.27978012
0.20588537,0.0155226365,0.0077439444,0.34922114,0.0,0.4216269
0.10778694,0.11783097,0.17250882,0.35983944,0.0,0.24203384
0.114079446,0.08283635,0.1683404,0.3867311,0.0,0.2480127
0.03183205,0.16099483,0.2301033,0.386453,0.0,0.19061682
0.21222308,0.18047114,0.1388118,0.35340485,0.0,0.1150891
0.07372294,0.1107101,0.15255792,0.37715682,0.030203143,0.25564915
0.000304256,0.056966238,0.12562749,0.54185146,0.025521953,0.24972859
0.37598252,0.16986597,0.021398202,0.24316354,0.0,0.18958977
0.3087527,0.14327642,0.14487058,0.34288064,0.0,0.06021972
0.4776758,0.039045,0.07315524,0.20749024,0.041477956,0.16115576
0.19003484,0.10064181,0.12000023,0.39113322,0.0,0.19818988
0.24895768,0.103178464,0.06271528,0.3972043,0.0030044368,0.1849398
0.33489838,0.07926674,0.13408251,0.2624609,0.0715691,0.11772238
0.3735063,0.11897619,0.13814357,0.08576266,0.026484648,0.25712666
0.10616466,0.044706278,0.06457357,0.3059299,0.021121055,0.45750454
0.43451217,0.1417467,0.1784037,0.120172285,0.010368165,0.114796996
0.13958213,0.0,0.0,0.23629433,0.13337362,0.49074993
0.29596516,0.019630143,0.0015229958,0.35075197,0.09154669,0.24058303
0.27930418,0.12345622,0.04721392,0.25707647,0.0,0.29294923
0.1472868,0.098582834,0.1577091,0.34548503,0.07116208,0.17977418
0.009071603,0.035961274,0.12588575,0.49961776,0.08508129,0.24438238
0.0002403215,0.018887151,0.10165926,0.55586493,0.086201355,0.23714702
0.0048361686,0.055887707,0.17163563,0.47161645,0.04766097,0.2483631
0.2834643,0.0,0.0420673,0.2745031,0.12496068,0.27500463
0.35481784,0.11810877,0.13506559,0.27639285,0.04779421,0.06782079
0.29454646,0.024054665,0.0,0.12186416,0.15950891,0.40002578
0.08816405,0.106346466,0.01565424,0.42594922,0.15162118,0.21226493
0.09495241,0.046811104,0.10012092,0.48368046,0.0032565556,0.2711785
0.00063165155,0.0040359893,0.15963452,0.48461407,0.049240805,0.30184287
0.031178938,0.15818745,0.26356393,0.312868,0.029671762,0.20452994
0.270646,0.0921727,0.16588095,0.29689887,0.0028529358,0.17154858
0.22532044,0.18661164,0.16941293,0.32656372,0.0,0.09209129
0.19645998,0.10163127,0.19639716,0.31858945,0.005578273,0.18134388
0.06974463,0.02342833,0.1331186,0.43339375,0.1347202,0.2055945
0.05485762,0.10403875,0.2158226,0.2499158,0.036085106,0.3392801
0.11275397,0.23827633,0.22351265,0.29144365,0.0,0.13401338
0.23104966,0.022885576,0.094459236,0.31423816,0.00037540897,0.33699197
0.0012932385,0.0038735042,0.11043217,0.51896656,0.11286924,0.2525653
0.19072251,0.08662416,0.073657975,0.38974804,0.0078600515,0.25138736
0.21737212,0.018182505,0.19629252,0.24007708,0.08323031,0.24484546
0.18739614,0.2321625,0.2207712,0.24421346,0.0,0.11545672
0.13364051,0.086412854,0.23217265,0.2646966,0.15707752,0.12599982
0.07180275,0.0,0.014904728,0.2658341,0.17095321,0.4765052
0.19524916,0.010095694,0.11338226,0.27165607,0.118564844,0.29105198
0.22170198,0.12900534,0.11164951,0.32915512,0.00019923327,0.20828882
0.08001821,0.0,0.02163995,0.47144672,0.13447861,0.29241648
0.026644338,0.11493188,0.17701481,0.43341038,0.0,0.24799863
0.19794214,0.11331713,0.13808414,0.3548767,0.0372888,0.15849106
0.36920688,0.24961898,0.05941536,0.11937289,0.0,0.2023859
0.3694142,0.2755084,0.09387907,0.15233009,0.0,0.108868234
0.0,0.060219955,0.16839802,0.46464697,0.07748072,0.22925428
0.1604898,0.0964516,0.1225418,0.42023313,0.02532602,0.17495771
0.18301469,0.009839473,0.103203535,0.35350192,0.12690383,0.22353655
0.009112578,0.1218396,0.19593374,0.38024664,0.017809423,0.27505803
0.074619666,0.008558633,0.16764419,0.4589515,0.077908196,0.21231781
0.00058017706,0.1035135,0.17606254,0.45605943,0.0009762101,0.26280814
0.4124074,0.11640473,0.0,0.122361414,0.0,0.34882647
0.0,0.06454804,0.13970958,0.5193535,0.054985113,0.22140372
0.32904914,0.19330677,0.11732545,0.20385496,0.0017031215,0.15476057
0.07261072,0.11782845,0.21014984,0.36629042,0.008520831,0.22459972
0.0,0.05392722,0.15946516,0.48271748,0.053646892,0.25024328
0.004104274,0.088296495,0.18175408,0.44447434,0.04478783,0.23658292
0.42426726,0.10556408,0.11012097,0.16343775,0.027453188,0.16915676
0.08744176,0.10002719,0.10185739,0.40044674,0.0,0.31022695
0.3045233,0.07938909,0.034526937,0.3396682,0.008112577,0.23377994
0.0,0.0687245,0.14117998,0.49954998,0.0,0.29054543
0.0,0.056190867,0.15350561,0.5131218,0.026011145,0.25117058
0.20532812,0.42968026,0.11384873,0.015369799,0.012209884,0.22356322
0.40534687,0.20562866,0.14516321,0.12589557,0.0,0.1179657
0.070585,0.09962191,0.12633543,0.37648353,0.0391647,0.28780943
0.103109516,0.00919367,0.0,0.36521888,0.03776872,0.4847092
0.21780515,0.004713365,0.029144675,0.50199896,0.07277204,0.17356579
0.29868513,0.018540453,0.014339497,0.40723106,0.0769573,0.18424654
0.31710318,0.19231175,0.08917085,0.15594074,0.0,0.24547349
0.15774988,0.07620199,0.05805285,0.4921437,0.14175583,0.0740958
0.16194639,0.14288543,0.07662831,0.41999266,0.14390706,0.054640144
0.17013617,0.23422451,0.28965417,0.1888621,0.0,0.11712306
0.14713043,0.1211943,0.0024798613,0.17238222,0.18565096,0.37116224
0.011417704,0.12778129,0.22294693,0.40017536,0.004509333,0.23316944
0.3409395,0.10679336,0.21335359,0.07670264,0.0,0.26221094
0.003319546,0.099398844,0.16584879,0.45723686,0.076584205,0.19761173
0.20232834,0.2079229,0.15860054,0.36643362,0.0,0.06471462
0.25656673,0.22693701,0.13600807,0.26229668,0.0,0.118191496
0.4544038,0.21893892,0.1341799,0.16184224,0.016269807,0.014365384
0.35158405,0.21710435,0.16637203,0.19115987,0.05712269,0.016657004
0.19381233,0.19153617,0.18771967,0.30493227,0.0,0.12199961
0.34594408,0.1473401,0.13812576,0.272685,0.007781622,0.08812344
0.15818782,0.040911093,0.0017710744,0.41192025,0.0,0.3872097
0.0077431686,0.061858553,0.16275525,0.46916717,0.03128768,0.26718807
0.06551548,0.0,0.03802853,0.54721546,0.13873622,0.21050431
0.24757923,0.107005894,0.07694225,0.31181207,0.100730464,0.15593009
0.13776311,0.07759176,0.14923179,0.31913164,0.124473765,0.19180794
0.032211613,0.10829929,0.18010128,0.42042002,0.03224369,0.22672412
0.16594964,0.13351749,0.15000632,0.3492976,0.0,0.20122895
0.0758411,0.10072826,0.023407599,0.4743049,0.1373562,0.18836191
0.24077797,0.10101887,0.061798465,0.34060448,0.0,0.2558002
0.010186164,0.07818816,0.1702039,0.4767744,0.047192656,0.21745472
0.01884392,0.0003435667,0.11102818,0.5421229,0.10004754,0.22761388
0.0,0.012643543,0.12484906,0.5210325,0.07934673,0.2621281
0.07297107,0.14024195,0.20611219,0.3897733,0.0,0.19090147
0.3208558,0.04765746,0.115068175,0.31124526,0.0,0.20517334
0.112513065,0.04036304,0.22954018,0.3051483,0.049665112,0.2627703
0.10131204,0.14103073,0.18120284,0.37011302,0.0,0.20634136
0.0,0.056273133,0.11483214,0.5152772,0.08812504,0.22549252
0.12727542,0.11962694,0.047950387,0.4527443,0.0060350476,0.24636796
0.0,0.015045339,0.11508187,0.53950363,0.1162283,0.21414089
0.20940061,0.057647623,0.16606036,0.3488212,0.051843125,0.1662271
0.15728986,0.0,0.016906679,0.3863241,0.20265123,0.23682815
0.06944433,0.12212934,0.28185135,0.4008401,0.0,0.12573482
0.28996205,0.020646209,0.088787936,0.35383284,0.03834793,0.20842303
0.059933893,0.03893955,0.15623687,0.46318036,0.10973147,0.17197779
0.09531801,0.19731848,0.19441906,0.34400964,0.0,0.16893482
0.1920058,0.0018628271,0.08382406,0.17445692,0.049261063,0.49858934
0.1047699,0.10546835,0.16853246,0.36535662,0.0082517285,0.24762091
0.2805706,0.078143224,0.081524655,0.35299018,0.016855147,0.18991618
0.14394583,0.043530993,0.11755322,0.47228557,0.086324975,0.1363594
0.0,0.035357654,0.16503732,0.5325626,0.013948128,0.25309432
0.0,0.00032580475,0.10284449,0.55937314,0.09552495,0.24193163
0.15070862,0.15572599,0.18747959,0.31281802,0.0,0.19326784
0.26704216,0.0,0.025772223,0.26957694,0.08521533,0.35239336
0.014892971,0.13566205,0.19928017,0.4400031,0.0,0.21016169
0.0064318487,0.094171375,0.16804953,0.4977509,0.0,0.23359637
0.15635769,0.10566084,0.17441902,0.3422539,0.023112027,0.19819656
0.20810778,0.13888331,0.021543827,0.36846125,0.0006750792,0.26232877
0.0,0.062327527,0.15569285,0.53615284,0.020802392,0.22502442
0.34937674,0.11378525,0.03640265,0.26067108,0.0,0.2397643
0.17841588,0.21347101,0.14665426,0.3299791,0.0,0.13147977
0.2975214,0.12764111,0.09986611,0.31198958,0.019123882,0.1438579
0.188985,0.016147057,0.169898,0.29933643,0.10176017,0.22387333
0.22050355,0.2014625,0.17536734,0.26931265,0.0045078443,0.12884608
0.14882454,0.1550539,0.22517183,0.32550687,0.0,0.14544286
0.42633843,0.16015938,0.030200887,0.1574433,0.0,0.22585793
0.18346807,0.21584599,0.1578699,0.3455516,0.0,0.09726443
0.04229879,0.047066376,0.1279296,0.48690054,0.008318442,0.28748628
0.015815943,0.10159685,0.12792894,0.4219476,0.116920315,0.21579042
0.14265445,0.12835205,0.1942283,0.35202324,0.00043778325,0.18230419
0.39479473,0.23277524,0.052099116,0.115034685,0.0,0.20529622
0.36635908,0.105905056,0.12854722,0.28128627,0.0,0.11790239
0.46489853,0.15089382,0.00052015635,0.19128817,0.04127152,0.1511279
0.23188743,0.113160886,0.07203351,0.30702063,0.049397,0.22650056
0.23053628,0.05637873,0.27867323,0.32764494,0.0009144133,0.10585234
0.36638945,0.22387668,0.04267683,0.058756538,0.0,0.3083005
0.19184022,0.045432895,0.0,0.33414748,0.0,0.4285794
0.21441054,0.25821483,0.17149532,0.2736918,0.0,0.08218751
0.4071514,0.27664676,0.14655906,0.15620117,0.0013084612,0.012133166
0.31420785,0.17913845,0.16121913,0.29258996,0.0,0.052844595
0.25807083,0.3327218,0.16123289,0.2351201,0.0,0.012854366
0.24705026,0.19093254,0.19508477,0.21988097,0.0,0.1470515
0.01190397,0.052131556,0.09299721,0.4134654,0.0,0.42950186
0.0046425234,0.09967707,0.16012271,0.45807996,0.03334532,0.24413235
0.015730543,0.16450056,0.05742533,0.42131373,0.025766466,0.31526336
0.38024336,0.14972559,0.009144293,0.19744803,0.007282114,0.25615665
0.26744646,0.12853506,0.16758633,0.27119976,0.00083678693,0.1643956
0.0,0.03433804,0.13798319,0.52020246,0.043553125,0.26392317
0.19358586,0.00029277476,0.0052894033,0.3220585,0.01993164,0.45884183
0.12984703,0.16325791,0.15531656,0.37562773,0.0,0.17595075
0.2612374,0.2682498,0.06790286,0.27211076,0.0,0.13049918
0.303597,0.19826621,0.09788661,0.21410932,0.0,0.18614085
0.18674003,0.010538386,0.12489517,0.46287918,0.08081098,0.13413627
0.31401083,0.10439287,0.13235918,0.35216784,0.0,0.09706925
0.38437644,0.12903038,0.060703732,0.22996858,0.0,0.19592085
0.18695028,0.05514412,0.19026184,0.28182107,0.02362521,0.26219746
0.020833094,0.2451855,0.3129263,0.21647453,0.0075053694,0.19707522
0.075110674,0.119136736,0.20743546,0.43142998,0.0,0.16688706
0.086785324,0.094132066,0.014985939,0.4070563,0.08658823,0.31045216
0.2239149,0.13431057,0.037196252,0.3053917,0.09411816,0.20506835
0.21190667,0.25079876,0.15029149,0.27367562,0.0,0.113327526
0.08180513,0.014483546,0.14631735,0.39901066,0.10406528,0.25431812
0.17333889,0.026202446,0.15653916,0.40256467,0.0017870521,0.23956779
0.3929718,0.01501396,0.0,0.3173951,0.039973248,0.23464584
0.2076267,0.050067276,0.14292464,0.3360573,0.0031376816,0.26018637
0.39290708,0.18892077,0.049025647,0.29297403,0.012031099,0.06414138
0.30821025,0.18869542,0.14185527,0.23386565,0.0,0.12737337
0.033318404,0.0,0.08089248,0.45307076,0.12615184,0.30656645
0.16836411,0.1984568,0.20797399,0.28782514,0.0,0.13737997
0.007576299,0.05037712,0.16952983,0.4627316,0.0865726,0.22321254
0.01118661,0.054058053,0.15091285,0.47736377,0.019726267,0.2867524
0.27676392,0.23668608,0.17610744,0.21016935,0.0,0.10027323
0.0021160892,0.03822276,0.13587874,0.516717,0.09558563,0.21147981
0.13358499,0.07415981,0.06843768,0.35564053,0.0,0.368177
0.13534236,0.22586635,0.17845324,0.34360927,0.0,0.116728745
0.33465427,0.0023294957,0.13512018,0.24393693,0.09706825,0.18689081
0.2386061,0.21255596,0.211929,0.19529645,0.0,0.14161249
0.25272146,0.015392853,0.0,0.35133538,0.0021333883,0.3784169
0.39544028,0.0153996,0.0231869,0.2457396,0.0,0.32023364
0.104625784,0.13593695,0.22968674,0.27494475,0.0828467,0.17195907
0.02189758,0.13395505,0.19965288,0.38443142,0.058148194,0.20191479
0.39906535,0.00034818074,0.1079586,0.19336715,0.06304373,0.23621705
0.4427926,0.19269077,0.04044134,0.14315617,0.0,0.18091911
0.0051880195,0.07330575,0.19811156,0.38335717,0.03699339,0.30304417
0.06282233,0.097418025,0.044455286,0.45192176,0.17514381,0.1682388
0.0512635,0.069492,0.13301069,0.42394033,0.0,0.32229352
0.062332842,0.1257909,0.2563773,0.2467252,0.0024104503,0.3063633
0.108286366,0.09312992,0.15488935,0.43514746,0.0,0.20854695
0.029625434,0.15511884,0.17375104,0.34558573,0.0,0.295919
0.27849352,0.20810184,0.15051354,0.31535065,0.02118498,0.026355475
0.32368362,0.08227228,0.12352703,0.28817585,0.12035513,0.06198612
0.42588228,0.2687627,0.18484601,0.08161811,0.0,0.03889092
0.27440012,0.010660174,0.06894916,0.38113016,0.042335093,0.2225253
0.30567724,0.030456532,0.018123494,0.34232804,0.0061495174,0.2972652
0.16821742,0.122110605,0.15800095,0.26508152,0.0,0.28658953
0.28087598,0.1783953,0.13567352,0.28142837,0.002069089,0.12155771
0.06496577,0.0,0.13743655,0.4820208,0.06722596,0.24835096
0.36129302,0.02187324,0.0,0.39089394,0.042976126,0.18296376
0.15297773,0.101888135,0.024389287,0.37975284,0.007302446,0.33368957
0.3607461,0.22838695,0.033277933,0.16737998,0.0,0.21020906
0.33806115,0.118537545,0.1689651,0.21040043,0.04895983,0.1150759
0.014538951,0.09863104,0.19173668,0.44818848,0.013735135,0.23316972
0.36373806,0.08173792,0.16257592,0.23893385,0.026613977,0.12640023
0.4590553,0.23649237,0.1173812,0.07794567,0.0,0.10912546
0.014181374,0.16364571,0.22177896,0.35296842,0.0,0.24742553
0.09166593,0.04434382,0.004700526,0.39702964,0.10134137,0.3609187
0.3176963,0.18940365,0.12833442,0.11364025,0.06406848,0.18685691
0.027115095,0.1712844,0.2660466,0.3227986,0.0025275946,0.21022765
0.40442094,0.031058352,0.0,0.2303852,0.0,0.33413553
0.0040095774,0.095471084,0.23945102,0.39418644,0.012021032,0.25486088
0.10907251,0.11633112,0.17411223,0.36111522,0.04303194,0.19633695
0.056095544,0.14560865,0.21419401,0.38413393,0.058792688,0.14117518
0.18399084,0.18464956,0.21770516,0.25001404,0.005152481,0.1584879
0.027361548,0.1544819,0.20243652,0.31265417,0.0,0.3030658
0.22518334,0.25113285,0.22656436,0.20366246,0.0,0.093457006
0.03744055,0.14323577,0.12205909,0.3870904,0.0,0.31017417
0.010840201,0.16541652,0.19633588,0.3295995,0.0,0.29780787
0.28835955,0.14807867,0.19896303,0.20573501,0.0,0.15886372
0.3574408,0.0,0.015241621,0.20987642,0.055250693,0.36219049
0.38404676,0.13630189,0.12608847,0.20154718,0.04772612,0.104289584
0.24216148,0.25577694,0.11558056,0.21233197,0.03188902,0.14226007
0.4577161,0.2521065,0.14422025,0.12715097,0.004666011,0.014140132
0.33066896,0.27106327,0.1776474,0.153042,0.0,0.06757838
0.3982642,0.1403011,0.04166288,0.17158017,0.0,0.24819164
0.11410527,0.09178601,0.09950807,0.42646804,0.06512225,0.20301037
0.41476977,0.21996208,0.15341938,0.014512945,0.1082051,0.08913076
0.2856399,0.25394997,0.1698618,0.2257287,0.0060777166,0.058741897
0.17316988,0.11148925,0.24409041,0.31586945,0.016454246,0.13892677
0.013236498,0.0,0.16735768,0.5113517,0.105964676,0.20208949
0.23004629,0.21969953,0.193776,0.21772714,0.0,0.13875104
0.14258291,0.18241404,0.24435875,0.30279812,0.03449904,0.09334711
0.37540337,0.20885853,0.15148668,0.1797027,0.0,0.08454874
0.1653405,0.047674824,0.100190714,0.4150547,0.00045702755,0.2712822
0.1650819,0.14162385,0.1741757,0.2817751,0.0005899029,0.23675358
0.32674506,0.22803915,0.17384699,0.15565123,0.0,0.115717575
0.22522701,0.06458131,0.157433,0.23222834,0.028574387,0.29195595
0.016684933,0.09472005,0.23310538,0.4110537,0.019872349,0.22456364
0.16917054,0.07690044,0.1445815,0.33631888,0.014701326,0.25832734
0.13914692,0.17642336,0.18553695,0.33000147,0.069941506,0.09894986
0.368649,0.13017392,0.0030618624,0.26617393,0.0,0.23194131
0.14981133,0.21444757,0.16803592,0.29923525,0.022563364,0.14590657
0.17743945,0.054924738,0.19503263,0.20437367,0.11242868,0.25580087
0.32185206,0.16668111,0.103420615,0.2018317,0.082242355,0.123972096
0.15017653,0.107203364,0.25844356,0.29956004,0.021688439,0.1629281
0.3726567,0.21776104,0.14650682,0.16074994,0.0,0.102325544
0.113032304,0.13003914,0.29239073,0.2840572,0.0,0.18048069
0.22539091,0.12614654,0.14123109,0.2728177,0.041553237,0.19286048
0.35592902,0.26857919,0.18635495,0.062605955,0.08568361,0.040847223
0.31521288,0.09740692,0.14197895,0.25507268,0.004971155,0.18535739
0.23166278,0.22532749,0.16212067,0.2555139,0.0,0.12537518
0.2216839,0.061823208,0.004785227,0.2863485,0.05132044,0.3740387
0.2072399,0.071372174,0.22112331,0.30191547,0.021292035,0.17705712
0.034970716,0.11133748,0.17092025,0.39908656,0.105767764,0.17791723
0.3200987,0.20009112,0.2408243,0.18007275,0.0,0.058913153
0.09505853,0.19461596,0.21274534,0.2764696,0.028344188,0.19276638
0.32459766,0.2676765,0.21716025,0.15910038,0.0,0.031465232
0.50246906,0.26026076,0.16460101,0.053402364,0.011699749,0.0075669913
0.19476338,0.10220027,0.014826715,0.49147034,0.0020735266,0.19466579
0.011048138,0.16567874,0.14683297,0.3652447,0.013447124,0.29774836
0.2896994,0.30709028,0.26241258,0.14079767,0.0,0.0
0.10815488,0.07009297,0.2002095,0.35468504,0.13831165,0.12854598
0.18466818,0.14023739,0.19379482,0.30936062,0.0,0.17193891
0.08685717,0.14507377,0.17581785,0.3425295,0.0022234211,0.24749824
0.27010295,0.21925053,0.04523912,0.243986,0.0025562034,0.21886519
0.18078513,0.069033876,0.0071853013,0.46763462,0.1535368,0.12182424
0.34477204,0.1646711,0.21061511,0.15015315,0.00032162355,0.12946703
0.34981465,0.08086782,0.12527232,0.08334245,0.0,0.36070275
0.15867817,0.18197782,0.11079212,0.37636808,0.0,0.17218377
0.06119878,0.18470135,0.2187645,0.3413539,0.0,0.19398151
0.13801631,0.02086707,0.10944663,0.30134913,0.018829772,0.4114911
0.21553758,0.028563311,0.093665525,0.32036328,0.13442636,0.2074439
0.43699038,0.007170691,0.023499444,0.35182905,0.029091492,0.15141901
0.25387493,0.066361204,0.0,0.42015928,0.011807303,0.24779728
0.08632835,0.18557498,0.21371667,0.34228346,0.0,0.17209652
0.24439381,0.064953014,0.2471466,0.3342702,0.017166108,0.09207027
0.03310795,0.110815145,0.20621984,0.38087773,0.0067706904,0.2622086
0.23390527,0.17692831,0.18315403,0.22380045,0.0,0.18221194
0.2675129,0.12155509,0.08431147,0.31918845,0.0,0.2074321
0.30348608,0.28182063,0.19429183,0.17171559,0.0,0.048685875
0.26220283,0.25122958,0.09087408,0.11956874,0.14438003,0.13174468
0.27819377,0.15086946,0.19517592,0.31507194,0.019629888,0.041059047
0.059456833,0.07206924,0.20429619,0.35609326,0.07286737,0.23521703
0.19011092,0.22742808,0.16891938,0.30837566,0.0,0.10516591
0.042767443,0.035275083,0.16632874,0.4738412,0.0,0.28178754
0.13501306,0.078680925,0.25655803,0.30521768,0.0,0.22453037
0.03312745,0.07502493,0.19948667,0.40194327,0.0082623195,0.2821553
0.34668973,0.13067342,0.08327933,0.17450278,0.0,0.2648548
0.27542853,0.042583335,0.20029512,0.1803366,0.0,0.30135646
